"Source","Target"
"991236049316859904","999333211342802944"
"991236049316859904","997596426376015872"
"991236049316859904","995970996493570049"
"991236049316859904","995728336390369286"
"991236049316859904","995604886409695233"
"991236049316859904","995383800"
"991236049316859904","994557446784876545"
"991236049316859904","994200350998528001"
"991236049316859904","994149983409655809"
"991236049316859904","990052896"
"991236049316859904","989208093325185030"
"991236049316859904","986106952009814018"
"991236049316859904","985189174365048833"
"991236049316859904","984710655814008832"
"991236049316859904","982939871340875777"
"991236049316859904","982895741080399872"
"991236049316859904","981329389"
"991236049316859904","978974595033260032"
"991236049316859904","978538979741052928"
"991236049316859904","978391787764174851"
"991236049316859904","978184280"
"991236049316859904","977590977144729601"
"991236049316859904","973990619759685637"
"991236049316859904","973182259099467777"
"991236049316859904","972923641775251458"
"991236049316859904","971500920503783424"
"991236049316859904","971268403217477633"
"991236049316859904","971109934262824962"
"991236049316859904","970698288830627840"
"991236049316859904","97037029"
"991236049316859904","969500124"
"991236049316859904","968846250417127425"
"991236049316859904","967615260986302464"
"991236049316859904","967026553346502657"
"991236049316859904","967005895082246144"
"991236049316859904","966641732417925120"
"991236049316859904","96618382"
"991236049316859904","966027874083000320"
"991236049316859904","96583301"
"991236049316859904","965435695"
"991236049316859904","963852986064699393"
"991236049316859904","961716109820006402"
"991236049316859904","961544761369915393"
"991236049316859904","961028155296317440"
"991236049316859904","960413060753174528"
"991236049316859904","958638150938693632"
"991236049316859904","958417789609529344"
"991236049316859904","957017293531336706"
"991236049316859904","95621983"
"991236049316859904","955580755329081344"
"991236049316859904","955486707553533952"
"991236049316859904","955004636276015106"
"991236049316859904","954909104702742528"
"991236049316859904","954590804"
"991236049316859904","952019936573931520"
"991236049316859904","951900466748719104"
"991236049316859904","95188073"
"991236049316859904","951730583616409600"
"991236049316859904","951408200330313728"
"991236049316859904","951292206337396737"
"991236049316859904","950306215937982464"
"991236049316859904","949283775904604160"
"991236049316859904","947929379727925248"
"991236049316859904","947739565"
"991236049316859904","947099915578171393"
"991236049316859904","945609016859877377"
"991236049316859904","944332594967179265"
"991236049316859904","944317021709271041"
"991236049316859904","943559694303539203"
"991236049316859904","943222430788734976"
"991236049316859904","943136279612542976"
"991236049316859904","942754965528895488"
"991236049316859904","942530178433146882"
"991236049316859904","941590933291745280"
"991236049316859904","941330028612194306"
"991236049316859904","941175094252003329"
"991236049316859904","938287849429925888"
"991236049316859904","937969846230269955"
"991236049316859904","937232076671037440"
"991236049316859904","937078020287762432"
"991236049316859904","936894325350285313"
"991236049316859904","936773607832690689"
"991236049316859904","936617313838579713"
"991236049316859904","935228774714630147"
"991236049316859904","934017923089338368"
"991236049316859904","933215046909300742"
"991236049316859904","930784468704489472"
"991236049316859904","930415095166926853"
"991236049316859904","930027867345387521"
"991236049316859904","929660290047897601"
"991236049316859904","929568252"
"991236049316859904","928639720153759744"
"991236049316859904","928509686"
"991236049316859904","92849144"
"991236049316859904","928338437207478274"
"991236049316859904","928271279492186113"
"991236049316859904","92817180"
"991236049316859904","927940587373907968"
"991236049316859904","926345217652879360"
"991236049316859904","925187454"
"991236049316859904","925112851894865920"
"991236049316859904","923557501194219520"
"991236049316859904","922637902084841473"
"991236049316859904","922619974367068161"
"991236049316859904","922567264699867136"
"991236049316859904","922210228514541569"
"991236049316859904","921457507"
"991236049316859904","920624320346431488"
"991236049316859904","918793154454867969"
"991236049316859904","918759694466015232"
"991236049316859904","918572268741185537"
"991236049316859904","918440372598202368"
"991236049316859904","917212221746307072"
"991236049316859904","917084527440355329"
"991236049316859904","917081557835374593"
"991236049316859904","917006397501517824"
"991236049316859904","916395979678433280"
"991236049316859904","916204943400427520"
"991236049316859904","915181443231313920"
"991236049316859904","914755659291414528"
"991236049316859904","914599977858555904"
"991236049316859904","914581877935177730"
"991236049316859904","914182228690849792"
"991236049316859904","913354358909173760"
"991236049316859904","911125075276922880"
"991236049316859904","910941473461465088"
"991236049316859904","910885910014603264"
"991236049316859904","910853942493564928"
"991236049316859904","910801124155953152"
"991236049316859904","910568673538080768"
"991236049316859904","910326065163206656"
"991236049316859904","909275278748262401"
"991236049316859904","909147203125555205"
"991236049316859904","908448334980931584"
"991236049316859904","908304657059065857"
"991236049316859904","908269730091327488"
"991236049316859904","907958287148105728"
"991236049316859904","907648967332306944"
"991236049316859904","907648517702787073"
"991236049316859904","907538790331371520"
"991236049316859904","906385257284354048"
"991236049316859904","906002919786512384"
"991236049316859904","905470180943306754"
"991236049316859904","904386070225330176"
"991236049316859904","903629174434185216"
"991236049316859904","902898660119371776"
"991236049316859904","902651894652440578"
"991236049316859904","901500109019648000"
"991236049316859904","900112380486709257"
"991236049316859904","899419734738862080"
"991236049316859904","899171838798041088"
"991236049316859904","899020229564661760"
"991236049316859904","898905920352145408"
"991236049316859904","898651479887818753"
"991236049316859904","898356697919397889"
"991236049316859904","897354369636499456"
"991236049316859904","897041328"
"991236049316859904","896991987722706944"
"991236049316859904","896106301218074624"
"991236049316859904","895966238207123456"
"991236049316859904","895915045875580929"
"991236049316859904","895643069948678144"
"991236049316859904","893758854294589440"
"991236049316859904","892173108085497856"
"991236049316859904","892123218722652160"
"991236049316859904","891649403622227968"
"991236049316859904","891124372622135296"
"991236049316859904","890737865705099264"
"991236049316859904","890468979243851777"
"991236049316859904","889093139994222593"
"991236049316859904","889012138370576387"
"991236049316859904","888762263888429057"
"991236049316859904","888457454161416192"
"991236049316859904","888366495616651264"
"991236049316859904","888329887064502272"
"991236049316859904","887492486117167104"
"991236049316859904","887440554673483776"
"991236049316859904","886938407024431105"
"991236049316859904","88621782"
"991236049316859904","88617938"
"991236049316859904","885844268614651905"
"991236049316859904","885653734033960960"
"991236049316859904","885205387"
"991236049316859904","884480210418237446"
"991236049316859904","884319713811193859"
"991236049316859904","883785978887983107"
"991236049316859904","883628482126893056"
"991236049316859904","881894526218010624"
"991236049316859904","88159257"
"991236049316859904","880845424856371206"
"991236049316859904","880801149716246528"
"991236049316859904","879214945275138048"
"991236049316859904","878454228095823872"
"991236049316859904","878140968339259392"
"991236049316859904","877951114708234241"
"991236049316859904","877815567100641281"
"991236049316859904","877307569"
"991236049316859904","876216649845805056"
"991236049316859904","875727550659645441"
"991236049316859904","875650811459547140"
"991236049316859904","875378046529830912"
"991236049316859904","875280010877296640"
"991236049316859904","874732392929529856"
"991236049316859904","871290828194500608"
"991236049316859904","870930741399494656"
"991236049316859904","870902631325208576"
"991236049316859904","870612575498653696"
"991236049316859904","870324419549253636"
"991236049316859904","869305963630780418"
"991236049316859904","867717488477437952"
"991236049316859904","866484099330039809"
"991236049316859904","866015749839704068"
"991236049316859904","864205009721991168"
"991236049316859904","863674664387825665"
"991236049316859904","863657027922481154"
"991236049316859904","863652953730633728"
"991236049316859904","863059764695060480"
"991236049316859904","861022706707419136"
"991236049316859904","860363481404583937"
"991236049316859904","860272614954196993"
"991236049316859904","859694112"
"991236049316859904","859619635099992064"
"991236049316859904","858583534377857024"
"991236049316859904","858476699180302336"
"991236049316859904","858297851230773248"
"991236049316859904","858033796888834048"
"991236049316859904","857261518701948929"
"991236049316859904","857254408329015297"
"991236049316859904","856820134228488192"
"991236049316859904","856783987569766401"
"991236049316859904","855874741252521984"
"991236049316859904","855070420252344321"
"991236049316859904","854638219044028416"
"991236049316859904","854347190126465024"
"991236049316859904","853702699178741760"
"991236049316859904","853653783720710144"
"991236049316859904","851798726"
"991236049316859904","851766651997609985"
"991236049316859904","851153695806980097"
"991236049316859904","85062283"
"991236049316859904","849885864389996544"
"991236049316859904","849793989259788288"
"991236049316859904","849591683943682049"
"991236049316859904","849186113470255104"
"991236049316859904","848624935886929920"
"991236049316859904","848403157499510784"
"991236049316859904","848142409296957440"
"991236049316859904","847748471306174464"
"991236049316859904","847114458"
"991236049316859904","846106952"
"991236049316859904","845896249391923201"
"991236049316859904","845556992475185152"
"991236049316859904","845467819"
"991236049316859904","844577334028066818"
"991236049316859904","84432492"
"991236049316859904","843815880727445504"
"991236049316859904","843440298315448320"
"991236049316859904","843254681392631808"
"991236049316859904","843248425013596161"
"991236049316859904","842748462177406977"
"991236049316859904","842497726181003269"
"991236049316859904","841013684348563456"
"991236049316859904","840670437050875904"
"991236049316859904","840654379283808257"
"991236049316859904","839956940570656768"
"991236049316859904","839929362912841728"
"991236049316859904","838862231060287489"
"991236049316859904","837950071467573248"
"991236049316859904","837949662715867136"
"991236049316859904","837437558464315392"
"991236049316859904","836023412162179072"
"991236049316859904","8350912"
"991236049316859904","834781991274999808"
"991236049316859904","834544500395667458"
"991236049316859904","834445474010632194"
"991236049316859904","834200481710866432"
"991236049316859904","833226917516017664"
"991236049316859904","832585726285987840"
"991236049316859904","832089209007636480"
"991236049316859904","830778101269483520"
"991236049316859904","830558575445413888"
"991236049316859904","830523140728090625"
"991236049316859904","830028605379866624"
"991236049316859904","829826389033512961"
"991236049316859904","829755688767352832"
"991236049316859904","829500602"
"991236049316859904","829279605559271426"
"991236049316859904","828674891763314691"
"991236049316859904","828308565324660736"
"991236049316859904","827673121691930626"
"991236049316859904","826804932665819136"
"991236049316859904","825992241017651200"
"991236049316859904","825730361833439232"
"991236049316859904","823560732520435713"
"991236049316859904","822909684072009728"
"991236049316859904","822801546673012736"
"991236049316859904","821153295372865536"
"991236049316859904","820568164295704576"
"991236049316859904","820519041181908994"
"991236049316859904","818940657523916804"
"991236049316859904","817783515341320193"
"991236049316859904","817776729032892416"
"991236049316859904","815623268719882240"
"991236049316859904","814327326452445184"
"991236049316859904","813312379509506049"
"991236049316859904","812043847433916416"
"991236049316859904","81193490"
"991236049316859904","810923579718111232"
"991236049316859904","810029176870805504"
"991236049316859904","809073500938006528"
"991236049316859904","808644371235164160"
"991236049316859904","808611280261152768"
"991236049316859904","807126680858951680"
"991236049316859904","806843952884228096"
"991236049316859904","806824492647510016"
"991236049316859904","806750196335919105"
"991236049316859904","805374255319937024"
"991236049316859904","804496306529968128"
"991236049316859904","804474511"
"991236049316859904","804194142393802752"
"991236049316859904","803900012073730048"
"991236049316859904","803768857932525568"
"991236049316859904","803208500113457152"
"991236049316859904","801505711276621826"
"991236049316859904","799775658058596352"
"991236049316859904","799313219416424453"
"991236049316859904","798850881969999872"
"991236049316859904","798772003"
"991236049316859904","79799701"
"991236049316859904","797731847249756160"
"991236049316859904","797153145281462272"
"991236049316859904","796847651715158016"
"991236049316859904","795468503142776832"
"991236049316859904","794892427"
"991236049316859904","790232752926973956"
"991236049316859904","789420103787958272"
"991236049316859904","788352821993308160"
"991236049316859904","788019447630012416"
"991236049316859904","787717408664522752"
"991236049316859904","785755707769511936"
"991236049316859904","785580190055268353"
"991236049316859904","784105196070854657"
"991236049316859904","784035374687477760"
"991236049316859904","783780130544050176"
"991236049316859904","782922982712811520"
"991236049316859904","782160954599571456"
"991236049316859904","781540192192761856"
"991236049316859904","780840266512994305"
"991236049316859904","780743439243546624"
"991236049316859904","780722634"
"991236049316859904","779312372750114816"
"991236049316859904","778292581"
"991236049316859904","777968891825909760"
"991236049316859904","777714621679603712"
"991236049316859904","777572915177000960"
"991236049316859904","774451766092001280"
"991236049316859904","774294738480599040"
"991236049316859904","773980492031004672"
"991236049316859904","772729108451192832"
"991236049316859904","772719445223628800"
"991236049316859904","772427497187278850"
"991236049316859904","772293685"
"991236049316859904","770570822058639361"
"991236049316859904","770405704050085888"
"991236049316859904","770364414168076289"
"991236049316859904","770248542514515968"
"991236049316859904","769540783183630341"
"991236049316859904","767885342091403268"
"991236049316859904","766972001051344897"
"991236049316859904","765849247262633984"
"991236049316859904","765146836873121796"
"991236049316859904","765113425882218497"
"991236049316859904","763008379"
"991236049316859904","762856562343882752"
"991236049316859904","760857595024248832"
"991236049316859904","760514324808990720"
"991236049316859904","760105297952243712"
"991236049316859904","759690373299970048"
"991236049316859904","758769098201366529"
"991236049316859904","758015500991492098"
"991236049316859904","757957623882940416"
"991236049316859904","757514581044498432"
"991236049316859904","757160783595921409"
"991236049316859904","756584171036966913"
"991236049316859904","756493425126600704"
"991236049316859904","755996885148631040"
"991236049316859904","755060762482278401"
"991236049316859904","754947881040285697"
"991236049316859904","754641904474677248"
"991236049316859904","753974664041533440"
"991236049316859904","752939038433222656"
"991236049316859904","749619139"
"991236049316859904","748614598216007681"
"991236049316859904","747661055741009920"
"991236049316859904","747014044154998784"
"991236049316859904","746994898486845440"
"991236049316859904","745866907"
"991236049316859904","745604218778619906"
"991236049316859904","745297757070594048"
"991236049316859904","744050219814379520"
"991236049316859904","743719340864770049"
"991236049316859904","743166638598545408"
"991236049316859904","740829540340092929"
"991236049316859904","740072438889742340"
"991236049316859904","739844786325233664"
"991236049316859904","739148886"
"991236049316859904","736227855789490177"
"991236049316859904","734722003"
"991236049316859904","734110774180909057"
"991236049316859904","73383656"
"991236049316859904","732631010505035777"
"991236049316859904","732411074"
"991236049316859904","732134468866183168"
"991236049316859904","729797054017503233"
"991236049316859904","729689374070181888"
"991236049316859904","729456409000058880"
"991236049316859904","728196946243006464"
"991236049316859904","72516079"
"991236049316859904","724983920119406592"
"991236049316859904","724793891556343810"
"991236049316859904","721641986067972097"
"991236049316859904","721610304803762176"
"991236049316859904","718863328060289025"
"991236049316859904","718758465745915904"
"991236049316859904","718644855"
"991236049316859904","718610220008648704"
"991236049316859904","7172372"
"991236049316859904","716161631"
"991236049316859904","715232371499470848"
"991236049316859904","714554626826182658"
"991236049316859904","714525147965710337"
"991236049316859904","713721447382917121"
"991236049316859904","713373761366532097"
"991236049316859904","712601915268468737"
"991236049316859904","712005020347031553"
"991236049316859904","711601157970460672"
"991236049316859904","710353923895398400"
"991236049316859904","710225886377873409"
"991236049316859904","710018518196953088"
"991236049316859904","709975606033846272"
"991236049316859904","709038504"
"991236049316859904","708895588209664000"
"991236049316859904","708707045466378241"
"991236049316859904","708589092985053184"
"991236049316859904","707510499953549312"
"991236049316859904","70680110"
"991236049316859904","706225208"
"991236049316859904","705699781608341504"
"991236049316859904","705619233351184384"
"991236049316859904","705118596658282496"
"991236049316859904","703188276"
"991236049316859904","702056982"
"991236049316859904","701784429618978818"
"991236049316859904","701524638497689601"
"991236049316859904","701431606922375169"
"991236049316859904","700778997064589317"
"991236049316859904","700667462"
"991236049316859904","67994508"
"991236049316859904","65790247"
"991236049316859904","65212354"
"991236049316859904","63478646"
"991236049316859904","631486246"
"991236049316859904","630335013"
"991236049316859904","62521784"
"991236049316859904","624975363"
"991236049316859904","61519344"
"991236049316859904","607180173"
"991236049316859904","606865222"
"991236049316859904","60651759"
"991236049316859904","606479797"
"991236049316859904","605752623"
"991236049316859904","600145734"
"991236049316859904","599917072"
"991236049316859904","59591873"
"991236049316859904","595204120"
"991236049316859904","594522343"
"991236049316859904","588182032"
"991236049316859904","586595369"
"991236049316859904","585736569"
"991236049316859904","585506928"
"991236049316859904","581041933"
"991236049316859904","58049101"
"991236049316859904","580260952"
"991236049316859904","578257014"
"991236049316859904","57732899"
"991236049316859904","575605202"
"991236049316859904","575229086"
"991236049316859904","574480825"
"991236049316859904","57332764"
"991236049316859904","573008418"
"991236049316859904","572918424"
"991236049316859904","572527345"
"991236049316859904","572518075"
"991236049316859904","572389072"
"991236049316859904","568360767"
"991236049316859904","566585145"
"991236049316859904","565795564"
"991236049316859904","561992546"
"991236049316859904","560405654"
"991236049316859904","558145096"
"991236049316859904","557820662"
"991236049316859904","554752902"
"991236049316859904","55259959"
"991236049316859904","5493892"
"991236049316859904","541174742"
"991236049316859904","53940708"
"991236049316859904","53912756"
"991236049316859904","537155250"
"991236049316859904","535109915"
"991236049316859904","528890147"
"991236049316859904","524232004"
"991236049316859904","52340102"
"991236049316859904","520449734"
"991236049316859904","516350127"
"991236049316859904","515749066"
"991236049316859904","513497583"
"991236049316859904","505100206"
"991236049316859904","50506021"
"991236049316859904","50284978"
"991236049316859904","500719687"
"991236049316859904","500154908"
"991236049316859904","499372541"
"991236049316859904","496363717"
"991236049316859904","494854189"
"991236049316859904","494224466"
"991236049316859904","493898551"
"991236049316859904","493458633"
"991236049316859904","493417324"
"991236049316859904","493391629"
"991236049316859904","4924944209"
"991236049316859904","4899071951"
"991236049316859904","4898491755"
"991236049316859904","488612266"
"991236049316859904","4884663951"
"991236049316859904","4878327592"
"991236049316859904","4862099872"
"991236049316859904","4858248202"
"991236049316859904","4857182273"
"991236049316859904","4855712357"
"991236049316859904","48487400"
"991236049316859904","483918701"
"991236049316859904","4835914156"
"991236049316859904","482158094"
"991236049316859904","480752391"
"991236049316859904","4776133678"
"991236049316859904","4772542358"
"991236049316859904","474948526"
"991236049316859904","4749400140"
"991236049316859904","473858671"
"991236049316859904","472852289"
"991236049316859904","4717892303"
"991236049316859904","471163803"
"991236049316859904","469304071"
"991236049316859904","466993233"
"991236049316859904","4657568061"
"991236049316859904","465339949"
"991236049316859904","463294936"
"991236049316859904","4631404936"
"991236049316859904","4631307557"
"991236049316859904","46288579"
"991236049316859904","4613732597"
"991236049316859904","4611977897"
"991236049316859904","4558110497"
"991236049316859904","4554103289"
"991236049316859904","4553568914"
"991236049316859904","455072021"
"991236049316859904","454831138"
"991236049316859904","454296083"
"991236049316859904","45400255"
"991236049316859904","4518910163"
"991236049316859904","450838897"
"991236049316859904","4505510963"
"991236049316859904","4447216761"
"991236049316859904","4447081653"
"991236049316859904","444103737"
"991236049316859904","4405149705"
"991236049316859904","4403976023"
"991236049316859904","4354338921"
"991236049316859904","4330912995"
"991236049316859904","43301934"
"991236049316859904","43296699"
"991236049316859904","432294867"
"991236049316859904","4294680981"
"991236049316859904","4277547755"
"991236049316859904","426723697"
"991236049316859904","426064773"
"991236049316859904","4256001616"
"991236049316859904","423977954"
"991236049316859904","4217086613"
"991236049316859904","419682561"
"991236049316859904","4188671596"
"991236049316859904","4188611896"
"991236049316859904","4187302929"
"991236049316859904","4186453685"
"991236049316859904","4185853067"
"991236049316859904","4185254907"
"991236049316859904","417422170"
"991236049316859904","415864379"
"991236049316859904","4151438891"
"991236049316859904","4138211777"
"991236049316859904","4124155817"
"991236049316859904","4117825989"
"991236049316859904","409381881"
"991236049316859904","4082130077"
"991236049316859904","407889815"
"991236049316859904","4071252737"
"991236049316859904","4061586491"
"991236049316859904","4049089480"
"991236049316859904","403618249"
"991236049316859904","403305133"
"991236049316859904","4032799822"
"991236049316859904","4018608772"
"991236049316859904","398811922"
"991236049316859904","3986202976"
"991236049316859904","39795718"
"991236049316859904","3921244697"
"991236049316859904","3917820737"
"991236049316859904","39031080"
"991236049316859904","389524877"
"991236049316859904","389331222"
"991236049316859904","3890895627"
"991236049316859904","388149064"
"991236049316859904","3879641063"
"991236049316859904","387703357"
"991236049316859904","3872613081"
"991236049316859904","3871962279"
"991236049316859904","3868720272"
"991236049316859904","38514936"
"991236049316859904","3818754318"
"991236049316859904","3817868895"
"991236049316859904","38142665"
"991236049316859904","381101243"
"991236049316859904","3794495359"
"991236049316859904","377940503"
"991236049316859904","377056144"
"991236049316859904","37539780"
"991236049316859904","3742602683"
"991236049316859904","372871761"
"991236049316859904","3719218823"
"991236049316859904","3685363038"
"991236049316859904","3676908377"
"991236049316859904","365235743"
"991236049316859904","3647080398"
"991236049316859904","3644136507"
"991236049316859904","362511091"
"991236049316859904","360488971"
"991236049316859904","35719981"
"991236049316859904","3567726135"
"991236049316859904","3567701723"
"991236049316859904","3565589001"
"991236049316859904","3564374416"
"991236049316859904","35213752"
"991236049316859904","3505441818"
"991236049316859904","3480236423"
"991236049316859904","3472067174"
"991236049316859904","3471263955"
"991236049316859904","346723006"
"991236049316859904","3446868922"
"991236049316859904","343577566"
"991236049316859904","3434786314"
"991236049316859904","3408565337"
"991236049316859904","3402191561"
"991236049316859904","338985020"
"991236049316859904","3384952895"
"991236049316859904","3380638684"
"991236049316859904","3374137121"
"991236049316859904","3373762791"
"991236049316859904","337272764"
"991236049316859904","3368214207"
"991236049316859904","3356753879"
"991236049316859904","3354964647"
"991236049316859904","3349014765"
"991236049316859904","3344139495"
"991236049316859904","3341234925"
"991236049316859904","3336460588"
"991236049316859904","332724600"
"991236049316859904","3317421679"
"991236049316859904","3313561073"
"991236049316859904","3312906993"
"991236049316859904","3303945281"
"991236049316859904","330244019"
"991236049316859904","3300809506"
"991236049316859904","3291556102"
"991236049316859904","3288145493"
"991236049316859904","327608613"
"991236049316859904","3262855290"
"991236049316859904","3258251734"
"991236049316859904","3253373110"
"991236049316859904","3247243897"
"991236049316859904","3246874534"
"991236049316859904","3246360436"
"991236049316859904","3245436977"
"991236049316859904","3240744737"
"991236049316859904","32348951"
"991236049316859904","3231315117"
"991236049316859904","3230914433"
"991236049316859904","3230814609"
"991236049316859904","3226165749"
"991236049316859904","3216913731"
"991236049316859904","320275643"
"991236049316859904","3182929463"
"991236049316859904","3177528052"
"991236049316859904","3169907139"
"991236049316859904","316752833"
"991236049316859904","3163555372"
"991236049316859904","315762583"
"991236049316859904","3151064122"
"991236049316859904","3150901497"
"991236049316859904","3148663994"
"991236049316859904","3139125733"
"991236049316859904","3136370423"
"991236049316859904","313257648"
"991236049316859904","3130567797"
"991236049316859904","3124664090"
"991236049316859904","3120654213"
"991236049316859904","3114976789"
"991236049316859904","309615033"
"991236049316859904","3092443319"
"991236049316859904","3092194948"
"991236049316859904","3091373190"
"991236049316859904","308426989"
"991236049316859904","3075097569"
"991236049316859904","3064525253"
"991236049316859904","3064028014"
"991236049316859904","3063636825"
"991236049316859904","305510657"
"991236049316859904","3052668659"
"991236049316859904","304858372"
"991236049316859904","3039558074"
"991236049316859904","3039366675"
"991236049316859904","3030452571"
"991236049316859904","3028247758"
"991236049316859904","3027063105"
"991236049316859904","3025757015"
"991236049316859904","302412035"
"991236049316859904","302099960"
"991236049316859904","3017351301"
"991236049316859904","301513955"
"991236049316859904","301480200"
"991236049316859904","300920569"
"991236049316859904","299796087"
"991236049316859904","299718891"
"991236049316859904","2991976582"
"991236049316859904","2991948728"
"991236049316859904","2989918721"
"991236049316859904","2989847441"
"991236049316859904","298924537"
"991236049316859904","2987074678"
"991236049316859904","2985144780"
"991236049316859904","2983992988"
"991236049316859904","2983945431"
"991236049316859904","2982497963"
"991236049316859904","2972815558"
"991236049316859904","2971560995"
"991236049316859904","2970245115"
"991236049316859904","2966846673"
"991236049316859904","2966503372"
"991236049316859904","296621181"
"991236049316859904","2960220189"
"991236049316859904","2959453960"
"991236049316859904","29551907"
"991236049316859904","2954691767"
"991236049316859904","2945643789"
"991236049316859904","2944199913"
"991236049316859904","2937667860"
"991236049316859904","293620822"
"991236049316859904","292872860"
"991236049316859904","2920234311"
"991236049316859904","2915483085"
"991236049316859904","2912832647"
"991236049316859904","2906486513"
"991236049316859904","2904195838"
"991236049316859904","2897531133"
"991236049316859904","2897276171"
"991236049316859904","2895908194"
"991236049316859904","2891571859"
"991236049316859904","2888416096"
"991236049316859904","2881377238"
"991236049316859904","2875906957"
"991236049316859904","2875679335"
"991236049316859904","2870475259"
"991236049316859904","2870337183"
"991236049316859904","2870290431"
"991236049316859904","2864811152"
"991236049316859904","2860874963"
"991236049316859904","2855083180"
"991236049316859904","285214815"
"991236049316859904","2848167625"
"991236049316859904","2846757844"
"991236049316859904","2844187792"
"991236049316859904","2834487244"
"991236049316859904","2833549865"
"991236049316859904","2832009522"
"991236049316859904","2831133927"
"991236049316859904","2830138491"
"991236049316859904","282003926"
"991236049316859904","2816340455"
"991236049316859904","2815916728"
"991236049316859904","2810434306"
"991236049316859904","2802008265"
"991236049316859904","2801743206"
"991236049316859904","2796019111"
"991236049316859904","2784216706"
"991236049316859904","2784005936"
"991236049316859904","2782253095"
"991236049316859904","2779481308"
"991236049316859904","2779376158"
"991236049316859904","2770357902"
"991236049316859904","277014891"
"991236049316859904","276941393"
"991236049316859904","2768148795"
"991236049316859904","2766104690"
"991236049316859904","276452562"
"991236049316859904","2764183997"
"991236049316859904","276112778"
"991236049316859904","2753765783"
"991236049316859904","2748875592"
"991236049316859904","2743219984"
"991236049316859904","274295451"
"991236049316859904","2739314100"
"991236049316859904","2739059557"
"991236049316859904","2734953286"
"991236049316859904","2727020089"
"991236049316859904","272175633"
"991236049316859904","2715992263"
"991236049316859904","270839361"
"991236049316859904","2708033720"
"991236049316859904","269809161"
"991236049316859904","2696446638"
"991236049316859904","2683475808"
"991236049316859904","266653632"
"991236049316859904","2654859360"
"991236049316859904","265381926"
"991236049316859904","2636440015"
"991236049316859904","263265852"
"991236049316859904","2623220863"
"991236049316859904","262267551"
"991236049316859904","2615378754"
"991236049316859904","261210514"
"991236049316859904","2610504775"
"991236049316859904","2598731604"
"991236049316859904","2596774856"
"991236049316859904","2591330323"
"991236049316859904","2585894336"
"991236049316859904","2580787003"
"991236049316859904","2575641482"
"991236049316859904","2572511496"
"991236049316859904","2571241454"
"991236049316859904","25547567"
"991236049316859904","255469103"
"991236049316859904","255363070"
"991236049316859904","2545538228"
"991236049316859904","253516917"
"991236049316859904","2527375494"
"991236049316859904","2525619607"
"991236049316859904","2523215357"
"991236049316859904","2521577414"
"991236049316859904","251826168"
"991236049316859904","2517499850"
"991236049316859904","251634768"
"991236049316859904","2509078037"
"991236049316859904","2504621990"
"991236049316859904","250235606"
"991236049316859904","250034113"
"991236049316859904","2491324554"
"991236049316859904","248291849"
"991236049316859904","2482675633"
"991236049316859904","24744541"
"991236049316859904","2468846234"
"991236049316859904","2467527250"
"991236049316859904","2458066446"
"991236049316859904","245172192"
"991236049316859904","2440459753"
"991236049316859904","2439583274"
"991236049316859904","2435226435"
"991236049316859904","2430564295"
"991236049316859904","2418042451"
"991236049316859904","2416058143"
"991236049316859904","2414104038"
"991236049316859904","2411024755"
"991236049316859904","2407501584"
"991236049316859904","2406145385"
"991236049316859904","2396424968"
"991236049316859904","2391603191"
"991236049316859904","2389659978"
"991236049316859904","2386122563"
"991236049316859904","238255951"
"991236049316859904","238080747"
"991236049316859904","2373113726"
"991236049316859904","2372039113"
"991236049316859904","2351889379"
"991236049316859904","2351531018"
"991236049316859904","2345840473"
"991236049316859904","2344501868"
"991236049316859904","2342598302"
"991236049316859904","23424509"
"991236049316859904","2336273937"
"991236049316859904","2329034473"
"991236049316859904","2327279366"
"991236049316859904","2323859273"
"991236049316859904","2314107103"
"991236049316859904","2313705762"
"991236049316859904","2307865916"
"991236049316859904","2299203717"
"991236049316859904","2298514310"
"991236049316859904","2291259625"
"991236049316859904","2289306552"
"991236049316859904","2283416288"
"991236049316859904","2279320206"
"991236049316859904","2274907101"
"991236049316859904","2261776886"
"991236049316859904","2249273165"
"991236049316859904","2245520380"
"991236049316859904","2243532568"
"991236049316859904","2236319987"
"991236049316859904","2231374259"
"991236049316859904","2224013658"
"991236049316859904","2218269876"
"991236049316859904","2214078176"
"991236049316859904","2205417928"
"991236049316859904","2203803242"
"991236049316859904","2189972713"
"991236049316859904","2184746750"
"991236049316859904","2180630834"
"991236049316859904","2175883022"
"991236049316859904","216429123"
"991236049316859904","2163170261"
"991236049316859904","2161953938"
"991236049316859904","2160141093"
"991236049316859904","215730174"
"991236049316859904","2154985602"
"991236049316859904","213831700"
"991236049316859904","206772874"
"991236049316859904","204265518"
"991236049316859904","19940419"
"991236049316859904","198890039"
"991236049316859904","198177442"
"991236049316859904","19814280"
"991236049316859904","19472634"
"991236049316859904","1944338258"
"991236049316859904","1940230142"
"991236049316859904","1926719126"
"991236049316859904","1917715891"
"991236049316859904","191649593"
"991236049316859904","189815209"
"991236049316859904","189473791"
"991236049316859904","1894351262"
"991236049316859904","1879512708"
"991236049316859904","186435034"
"991236049316859904","1841844116"
"991236049316859904","17679623"
"991236049316859904","17668766"
"991236049316859904","17169453"
"991236049316859904","1707121399"
"991236049316859904","170291730"
"991236049316859904","168352819"
"991236049316859904","1676569332"
"991236049316859904","1675740746"
"991236049316859904","166751745"
"991236049316859904","1650119516"
"991236049316859904","16476536"
"991236049316859904","1638946448"
"991236049316859904","1632220008"
"991236049316859904","1624977745"
"991236049316859904","1620478050"
"991236049316859904","1618432957"
"991236049316859904","161247081"
"991236049316859904","160782723"
"991236049316859904","16067908"
"991236049316859904","15972264"
"991236049316859904","1588940017"
"991236049316859904","1578210666"
"991236049316859904","15741883"
"991236049316859904","1566519332"
"991236049316859904","155919333"
"991236049316859904","155606403"
"991236049316859904","1543813320"
"991236049316859904","154180771"
"991236049316859904","1513106358"
"991236049316859904","1510406024"
"991236049316859904","1506085051"
"991236049316859904","1499400284"
"991236049316859904","14993272"
"991236049316859904","14946628"
"991236049316859904","148346401"
"991236049316859904","1475474047"
"991236049316859904","1466705376"
"991236049316859904","146375344"
"991236049316859904","1441526510"
"991236049316859904","1440906714"
"991236049316859904","1435857691"
"991236049316859904","1424334475"
"991236049316859904","1419037717"
"991236049316859904","1417236391"
"991236049316859904","14159325"
"991236049316859904","141529750"
"991236049316859904","1414878456"
"991236049316859904","14003392"
"991236049316859904","1384441669"
"991236049316859904","1377946922"
"991236049316859904","137370532"
"991236049316859904","1368863274"
"991236049316859904","1364661440"
"991236049316859904","1347947466"
"991236049316859904","1338726187"
"991236049316859904","1337995921"
"991236049316859904","132903850"
"991236049316859904","132845751"
"991236049316859904","1327735346"
"991236049316859904","1325773147"
"991236049316859904","1322393514"
"991236049316859904","132204038"
"991236049316859904","1321987626"
"991236049316859904","131937630"
"991236049316859904","1297364972"
"991236049316859904","1284922063"
"991236049316859904","1273231220"
"991236049316859904","1272140041"
"991236049316859904","1272018536"
"991236049316859904","1271852322"
"991236049316859904","127080300"
"991236049316859904","1255773595"
"991236049316859904","1253264389"
"991236049316859904","1245355310"
"991236049316859904","124452833"
"991236049316859904","1236340764"
"991236049316859904","1229910834"
"991236049316859904","1226789804"
"991236049316859904","1225742150"
"991236049316859904","121139961"
"991236049316859904","120324523"
"991236049316859904","1203193542"
"991236049316859904","1202310702"
"991236049316859904","1201510189"
"991236049316859904","1200447342"
"991236049316859904","119848243"
"991236049316859904","119830676"
"991236049316859904","119183250"
"991236049316859904","119006593"
"991236049316859904","1185280417"
"991236049316859904","117655609"
"991236049316859904","1174827270"
"991236049316859904","1167316106"
"991236049316859904","116470213"
"991236049316859904","116370038"
"991236049316859904","115627255"
"991236049316859904","115461582"
"991236049316859904","1151194236"
"991236049316859904","115086169"
"991236049316859904","1150185054"
"991236049316859904","1145749398"
"991236049316859904","1143719850"
"991236049316859904","1139409679"
"991236049316859904","113025217"
"991236049316859904","112754792"
"991236049316859904","1122832471"
"991236049316859904","1118850749344243713"
"991236049316859904","1117400962111610882"
"991236049316859904","1117064341"
"991236049316859904","1114955359"
"991236049316859904","1112393877946798082"
"991236049316859904","1110891341704318977"
"991236049316859904","1109512797682053121"
"991236049316859904","1109342949505142784"
"991236049316859904","1104803234567327744"
"991236049316859904","1104638322"
"991236049316859904","1104423586561998849"
"991236049316859904","1102862878128906240"
"991236049316859904","1101045689650421761"
"991236049316859904","1100196050298695680"
"991236049316859904","1098232651876569089"
"991236049316859904","109805019"
"991236049316859904","1095336553746882560"
"991236049316859904","1094168544864923648"
"991236049316859904","1093743778526044161"
"991236049316859904","1092873657666269184"
"991236049316859904","1092188078"
"991236049316859904","1090628996038082561"
"991236049316859904","1089659130401513477"
"991236049316859904","1086238375223398401"
"991236049316859904","1085238966222290946"
"991236049316859904","1083762193571692544"
"991236049316859904","1083629070"
"991236049316859904","1083533310"
"991236049316859904","1082396185460117505"
"991236049316859904","1082377170"
"991236049316859904","1082013402866823168"
"991236049316859904","1081909222793719808"
"991236049316859904","1081422868544667648"
"991236049316859904","1080954365375139840"
"991236049316859904","1080939881281523712"
"991236049316859904","1080575412374253570"
"991236049316859904","1080472934177746948"
"991236049316859904","1079697599916138496"
"991236049316859904","1078927579011272704"
"991236049316859904","1078247353423937536"
"991236049316859904","1076940740230606849"
"991236049316859904","1073985101539749888"
"991236049316859904","1072496989009534979"
"991236049316859904","1071469172750725121"
"991236049316859904","1071436971191492609"
"991236049316859904","1070375327740899333"
"991236049316859904","1069955096052711424"
"991236049316859904","1069884159764643840"
"991236049316859904","1069549174914498560"
"991236049316859904","1068983341007945728"
"991236049316859904","1068881834774331394"
"991236049316859904","1068532568608464896"
"991236049316859904","1067905381450620928"
"991236049316859904","1064965882001145862"
"991236049316859904","1064904466229547008"
"991236049316859904","1062994075064954880"
"991236049316859904","1062427187394035712"
"991236049316859904","1061612251344453633"
"991236049316859904","1060005211924615173"
"991236049316859904","1058818713309401088"
"991236049316859904","1054830295696973825"
"991236049316859904","1052269144173772800"
"991236049316859904","105165371"
"991236049316859904","1051193910704427016"
"991236049316859904","1051170824319852544"
"991236049316859904","1051128098802941952"
"991236049316859904","1050442798812545026"
"991236049316859904","1049972533095743489"
"991236049316859904","1049700269532086272"
"991236049316859904","1049545579"
"991236049316859904","1049388937666551810"
"991236049316859904","1049273441008930816"
"991236049316859904","1047914241427218439"
"991236049316859904","1045047389692801024"
"991236049316859904","1044928850"
"991236049316859904","1044841209162813440"
"991236049316859904","1044252354332291072"
"991236049316859904","1043822119195475968"
"991236049316859904","1043557539240194056"
"991236049316859904","1043410125774626816"
"991236049316859904","1042665814007140352"
"991236049316859904","1042407668"
"991236049316859904","1041637733377007616"
"991236049316859904","1037692622"
"991236049316859904","1036700340735889409"
"991236049316859904","1036222141212123136"
"991236049316859904","1034690136"
"991236049316859904","1034637809817026560"
"991236049316859904","1033530572415455232"
"991236049316859904","1033483399179259904"
"991236049316859904","1033018664591740928"
"991236049316859904","1032750523391373312"
"991236049316859904","1032227255588724736"
"991236049316859904","1030975574"
"991236049316859904","1028934836650749952"
"991236049316859904","1028922240"
"991236049316859904","1028886934523977728"
"991236049316859904","1027423188861562880"
"991236049316859904","1026563975532691456"
"991236049316859904","1024233623413829632"
"991236049316859904","1024225864618262530"
"991236049316859904","1022185086354182144"
"991236049316859904","1022101544861396992"
"991236049316859904","1018023552421974016"
"991236049316859904","1017674291205287941"
"991236049316859904","1017466392877174785"
"991236049316859904","1015908282"
"991236049316859904","1015583271642632193"
"991236049316859904","1014092279089377280"
"991236049316859904","1013900934"
"991236049316859904","101272741"
"991236049316859904","1010910090650640384"
"991236049316859904","1010127791730384896"
"991236049316859904","1009144356736061440"
"991236049316859904","1006981657889566720"
"991236049316859904","1006161024"
"991236049316859904","1004636777368424448"
"991236049316859904","1003677719618555905"
"991236049316859904","1002305003929985024"
"991236049316859904","1001349823201792000"
"724983920119406592","999116830974337024"
"724983920119406592","998987204541247499"
"724983920119406592","997326740"
"724983920119406592","995604886409695233"
"724983920119406592","995383800"
"724983920119406592","994200350998528001"
"724983920119406592","993297994819743744"
"724983920119406592","993183161680039936"
"724983920119406592","991755758420267009"
"724983920119406592","991236049316859904"
"724983920119406592","990753904873951232"
"724983920119406592","989467254289989634"
"724983920119406592","988156684903346177"
"724983920119406592","987569000807911424"
"724983920119406592","986560321409216513"
"724983920119406592","986221426645532672"
"724983920119406592","983315290359463936"
"724983920119406592","982295851174449153"
"724983920119406592","978720363877105665"
"724983920119406592","978638209"
"724983920119406592","978184280"
"724983920119406592","977628012232495104"
"724983920119406592","977493518213156864"
"724983920119406592","976449374430560256"
"724983920119406592","974767771027410944"
"724983920119406592","974338233751494656"
"724983920119406592","973730653"
"724983920119406592","972874956257316864"
"724983920119406592","971764329640071168"
"724983920119406592","971066320207974402"
"724983920119406592","968849373772812293"
"724983920119406592","968034950"
"724983920119406592","966399836605042688"
"724983920119406592","964820357889822720"
"724983920119406592","964206164409028608"
"724983920119406592","962468581370941441"
"724983920119406592","961541915152994305"
"724983920119406592","961295587978153985"
"724983920119406592","961028155296317440"
"724983920119406592","960965041"
"724983920119406592","960475451931152384"
"724983920119406592","956981955119210497"
"724983920119406592","955690516208812033"
"724983920119406592","954754209156657153"
"724983920119406592","953997342935601152"
"724983920119406592","953250020928737285"
"724983920119406592","949329219254972416"
"724983920119406592","948102937284431872"
"724983920119406592","946713903962181633"
"724983920119406592","946311552"
"724983920119406592","945705735635263489"
"724983920119406592","945609016859877377"
"724983920119406592","944681870050123778"
"724983920119406592","944192862383681536"
"724983920119406592","942528295723249664"
"724983920119406592","941571984063893504"
"724983920119406592","939506346944290816"
"724983920119406592","937432212684918789"
"724983920119406592","934762328"
"724983920119406592","934387207"
"724983920119406592","933033649938853894"
"724983920119406592","930758531506163712"
"724983920119406592","929737204628369408"
"724983920119406592","929660290047897601"
"724983920119406592","92957348"
"724983920119406592","929278480482734080"
"724983920119406592","928663148726554627"
"724983920119406592","928170791660867584"
"724983920119406592","92795265"
"724983920119406592","926409442291220481"
"724983920119406592","925768674488864768"
"724983920119406592","925187454"
"724983920119406592","924631004614221827"
"724983920119406592","91963845"
"724983920119406592","919469865194356737"
"724983920119406592","919083333459509248"
"724983920119406592","914792797907116032"
"724983920119406592","912605589796245504"
"724983920119406592","911639136553115648"
"724983920119406592","910501854471172096"
"724983920119406592","908796234491625472"
"724983920119406592","908047632"
"724983920119406592","907282219395411969"
"724983920119406592","906887352735485952"
"724983920119406592","902651894652440578"
"724983920119406592","901859749150552065"
"724983920119406592","901500109019648000"
"724983920119406592","898113384197099520"
"724983920119406592","896677848706166788"
"724983920119406592","895634454328348672"
"724983920119406592","895160796010905604"
"724983920119406592","893758854294589440"
"724983920119406592","890737865705099264"
"724983920119406592","887403154920361985"
"724983920119406592","885401575577063424"
"724983920119406592","884383852285874176"
"724983920119406592","88232157"
"724983920119406592","880513636103577600"
"724983920119406592","880407140602699776"
"724983920119406592","879096586642632709"
"724983920119406592","87886754"
"724983920119406592","878812157198180352"
"724983920119406592","877419487758356481"
"724983920119406592","876576986575065088"
"724983920119406592","874233298112966656"
"724983920119406592","872133024703533060"
"724983920119406592","87212906"
"724983920119406592","871763179805847558"
"724983920119406592","87156428"
"724983920119406592","870396229"
"724983920119406592","868412725084532736"
"724983920119406592","866914787518816257"
"724983920119406592","866544802288029696"
"724983920119406592","864276409"
"724983920119406592","864138756068134912"
"724983920119406592","863904124697489408"
"724983920119406592","863482544699961346"
"724983920119406592","862332040217284610"
"724983920119406592","861875055780909056"
"724983920119406592","861453006339964928"
"724983920119406592","861361899069472769"
"724983920119406592","860932346526269441"
"724983920119406592","854390550715392002"
"724983920119406592","853579060651413504"
"724983920119406592","853136103603351552"
"724983920119406592","851766651997609985"
"724983920119406592","851153695806980097"
"724983920119406592","850574155376451584"
"724983920119406592","85040442"
"724983920119406592","848965640845221888"
"724983920119406592","848170675688931328"
"724983920119406592","848121444143857664"
"724983920119406592","847766811311472646"
"724983920119406592","847736507083378691"
"724983920119406592","847206256813264897"
"724983920119406592","846780693275426821"
"724983920119406592","845941150032769025"
"724983920119406592","844238070857809921"
"724983920119406592","843815880727445504"
"724983920119406592","843243364036362240"
"724983920119406592","841575842"
"724983920119406592","840670437050875904"
"724983920119406592","840660767347265538"
"724983920119406592","840588109247062021"
"724983920119406592","838012831530352640"
"724983920119406592","837719409359716353"
"724983920119406592","836288284280115200"
"724983920119406592","834771753633247232"
"724983920119406592","833669307833921537"
"724983920119406592","833311336943730689"
"724983920119406592","832295466876428288"
"724983920119406592","831247344188395520"
"724983920119406592","83120914"
"724983920119406592","83104693"
"724983920119406592","830179875612917762"
"724983920119406592","828895020627410944"
"724983920119406592","827626468914167810"
"724983920119406592","827151086733635584"
"724983920119406592","826180868641153025"
"724983920119406592","823878970596880384"
"724983920119406592","822801546673012736"
"724983920119406592","820655843381231617"
"724983920119406592","819453793964326912"
"724983920119406592","818864954141003780"
"724983920119406592","818434457724141568"
"724983920119406592","817705982688165888"
"724983920119406592","817189792769339392"
"724983920119406592","816070651597488129"
"724983920119406592","815464596677033984"
"724983920119406592","814118412716797952"
"724983920119406592","813024104055996418"
"724983920119406592","812043847433916416"
"724983920119406592","811896091746701312"
"724983920119406592","810846889092481024"
"724983920119406592","808750547994050560"
"724983920119406592","808698164761034752"
"724983920119406592","806843952884228096"
"724983920119406592","806750196335919105"
"724983920119406592","805084332"
"724983920119406592","804664578831515648"
"724983920119406592","802959254"
"724983920119406592","800745901404790784"
"724983920119406592","799330794594516993"
"724983920119406592","797578982615117824"
"724983920119406592","79458791"
"724983920119406592","792002741623201792"
"724983920119406592","790031503"
"724983920119406592","787717408664522752"
"724983920119406592","786683404939042816"
"724983920119406592","786631438099746816"
"724983920119406592","786475444392620032"
"724983920119406592","78583942"
"724983920119406592","784347608"
"724983920119406592","779663271087538176"
"724983920119406592","779410356695339009"
"724983920119406592","778292581"
"724983920119406592","772369107320729600"
"724983920119406592","771384178709594112"
"724983920119406592","769850023542657024"
"724983920119406592","769295358748942336"
"724983920119406592","768819965977845761"
"724983920119406592","768072426626449408"
"724983920119406592","767766585289412608"
"724983920119406592","765957157175058432"
"724983920119406592","765302602523353088"
"724983920119406592","765146836873121796"
"724983920119406592","76508240"
"724983920119406592","763731654049497088"
"724983920119406592","763349132065009664"
"724983920119406592","760025633019887616"
"724983920119406592","757514581044498432"
"724983920119406592","75716063"
"724983920119406592","755886040049647616"
"724983920119406592","754722484390354945"
"724983920119406592","753811357498081280"
"724983920119406592","753673649085898758"
"724983920119406592","752565706244448256"
"724983920119406592","750029260409212928"
"724983920119406592","747783128333312000"
"724983920119406592","746994898486845440"
"724983920119406592","736471347325456384"
"724983920119406592","735904719252623360"
"724983920119406592","735595561"
"724983920119406592","735522062"
"724983920119406592","734060931135705089"
"724983920119406592","73383656"
"724983920119406592","732220318878732288"
"724983920119406592","732081506018050048"
"724983920119406592","731455124267237376"
"724983920119406592","730695757536317440"
"724983920119406592","728880794173882369"
"724983920119406592","728087724"
"724983920119406592","727542025336311809"
"724983920119406592","727425382169849856"
"724983920119406592","72516079"
"724983920119406592","715178619904139264"
"724983920119406592","714015199574024192"
"724983920119406592","7135912"
"724983920119406592","711636732995891201"
"724983920119406592","711601157970460672"
"724983920119406592","711125498"
"724983920119406592","710188410661695488"
"724983920119406592","709289887959220224"
"724983920119406592","708884750"
"724983920119406592","708551933641023488"
"724983920119406592","705494801119059968"
"724983920119406592","702056982"
"724983920119406592","66325125"
"724983920119406592","65001171"
"724983920119406592","64643056"
"724983920119406592","64002024"
"724983920119406592","632413317"
"724983920119406592","631322744"
"724983920119406592","630784356"
"724983920119406592","607413889"
"724983920119406592","607143699"
"724983920119406592","606865222"
"724983920119406592","606439760"
"724983920119406592","602541225"
"724983920119406592","595684611"
"724983920119406592","594522343"
"724983920119406592","592616570"
"724983920119406592","585736569"
"724983920119406592","581041933"
"724983920119406592","578228413"
"724983920119406592","577107357"
"724983920119406592","577020535"
"724983920119406592","575788599"
"724983920119406592","573829733"
"724983920119406592","572918424"
"724983920119406592","572518075"
"724983920119406592","571761472"
"724983920119406592","568934083"
"724983920119406592","566380980"
"724983920119406592","560425542"
"724983920119406592","557820662"
"724983920119406592","557568449"
"724983920119406592","556902767"
"724983920119406592","554485198"
"724983920119406592","551669623"
"724983920119406592","549518452"
"724983920119406592","545063744"
"724983920119406592","544342341"
"724983920119406592","542532860"
"724983920119406592","539156968"
"724983920119406592","535109915"
"724983920119406592","528526791"
"724983920119406592","523320293"
"724983920119406592","51534469"
"724983920119406592","513304521"
"724983920119406592","509981951"
"724983920119406592","501924810"
"724983920119406592","494854189"
"724983920119406592","494593786"
"724983920119406592","494320328"
"724983920119406592","493508075"
"724983920119406592","493424163"
"724983920119406592","493417324"
"724983920119406592","493391629"
"724983920119406592","493174819"
"724983920119406592","492648852"
"724983920119406592","4923680548"
"724983920119406592","4920057202"
"724983920119406592","491560128"
"724983920119406592","4898517719"
"724983920119406592","4898026498"
"724983920119406592","488612266"
"724983920119406592","4886068660"
"724983920119406592","4885776645"
"724983920119406592","486927177"
"724983920119406592","4864730830"
"724983920119406592","4864497209"
"724983920119406592","4856717278"
"724983920119406592","485164901"
"724983920119406592","4818539751"
"724983920119406592","4818382805"
"724983920119406592","480752391"
"724983920119406592","4798705814"
"724983920119406592","479373939"
"724983920119406592","4773338776"
"724983920119406592","474073938"
"724983920119406592","472412809"
"724983920119406592","4717010667"
"724983920119406592","471163803"
"724983920119406592","4704624922"
"724983920119406592","4702226426"
"724983920119406592","469384974"
"724983920119406592","469248037"
"724983920119406592","468281420"
"724983920119406592","466724521"
"724983920119406592","4646013268"
"724983920119406592","463711153"
"724983920119406592","462945549"
"724983920119406592","46038999"
"724983920119406592","456777022"
"724983920119406592","455595694"
"724983920119406592","455535776"
"724983920119406592","455136153"
"724983920119406592","4548980176"
"724983920119406592","4535481335"
"724983920119406592","446184761"
"724983920119406592","4355116342"
"724983920119406592","434190236"
"724983920119406592","4340437162"
"724983920119406592","43301934"
"724983920119406592","4229609598"
"724983920119406592","421907078"
"724983920119406592","4208268683"
"724983920119406592","4196793347"
"724983920119406592","4162435229"
"724983920119406592","4141100595"
"724983920119406592","413237874"
"724983920119406592","4076988015"
"724983920119406592","4061366783"
"724983920119406592","4047355091"
"724983920119406592","403660384"
"724983920119406592","403399062"
"724983920119406592","400221341"
"724983920119406592","394766289"
"724983920119406592","390088147"
"724983920119406592","389577459"
"724983920119406592","3891783267"
"724983920119406592","3879641063"
"724983920119406592","387775582"
"724983920119406592","3853706679"
"724983920119406592","3845651884"
"724983920119406592","3817868895"
"724983920119406592","38170599"
"724983920119406592","3767964856"
"724983920119406592","372871761"
"724983920119406592","36933166"
"724983920119406592","367802395"
"724983920119406592","366198488"
"724983920119406592","3644136507"
"724983920119406592","361325453"
"724983920119406592","3606563476"
"724983920119406592","35879235"
"724983920119406592","348595451"
"724983920119406592","3480236423"
"724983920119406592","346723006"
"724983920119406592","345760192"
"724983920119406592","343659186"
"724983920119406592","343351743"
"724983920119406592","3432747352"
"724983920119406592","3428472718"
"724983920119406592","342011546"
"724983920119406592","33962372"
"724983920119406592","3391244362"
"724983920119406592","3382758393"
"724983920119406592","3373762791"
"724983920119406592","3364605647"
"724983920119406592","3360116865"
"724983920119406592","3354964647"
"724983920119406592","335363786"
"724983920119406592","3344139495"
"724983920119406592","3336460588"
"724983920119406592","3331608105"
"724983920119406592","3329415915"
"724983920119406592","3316976674"
"724983920119406592","3311985875"
"724983920119406592","3303820600"
"724983920119406592","3285599802"
"724983920119406592","32836501"
"724983920119406592","3257725203"
"724983920119406592","3254253723"
"724983920119406592","3224576973"
"724983920119406592","320275643"
"724983920119406592","3178456206"
"724983920119406592","3164501740"
"724983920119406592","3158790700"
"724983920119406592","3150901497"
"724983920119406592","3136370423"
"724983920119406592","313290404"
"724983920119406592","313257648"
"724983920119406592","3131647048"
"724983920119406592","3131126650"
"724983920119406592","3107358767"
"724983920119406592","3101450483"
"724983920119406592","308323017"
"724983920119406592","307746606"
"724983920119406592","306947906"
"724983920119406592","3065791720"
"724983920119406592","3060996715"
"724983920119406592","305655418"
"724983920119406592","3050985096"
"724983920119406592","304858372"
"724983920119406592","304576847"
"724983920119406592","3025757015"
"724983920119406592","301309639"
"724983920119406592","299956751"
"724983920119406592","2994713021"
"724983920119406592","2992759816"
"724983920119406592","2991912647"
"724983920119406592","2987074678"
"724983920119406592","2984445569"
"724983920119406592","2977106974"
"724983920119406592","2974381390"
"724983920119406592","2968072960"
"724983920119406592","2960220189"
"724983920119406592","2956311010"
"724983920119406592","2953506202"
"724983920119406592","2937667860"
"724983920119406592","292806571"
"724983920119406592","2905248455"
"724983920119406592","290509123"
"724983920119406592","2902075112"
"724983920119406592","28962523"
"724983920119406592","2892003323"
"724983920119406592","2871210278"
"724983920119406592","286840245"
"724983920119406592","2863519925"
"724983920119406592","2833549865"
"724983920119406592","2828047772"
"724983920119406592","2811699001"
"724983920119406592","2809676814"
"724983920119406592","2806133355"
"724983920119406592","2801743206"
"724983920119406592","2784005936"
"724983920119406592","2773071372"
"724983920119406592","2770357902"
"724983920119406592","277014891"
"724983920119406592","276934698"
"724983920119406592","2752784274"
"724983920119406592","2752381072"
"724983920119406592","2734007490"
"724983920119406592","2721735078"
"724983920119406592","270839361"
"724983920119406592","2704713096"
"724983920119406592","2700526339"
"724983920119406592","2682837049"
"724983920119406592","2669508192"
"724983920119406592","262316473"
"724983920119406592","2613969246"
"724983920119406592","2610041641"
"724983920119406592","2598108069"
"724983920119406592","2598036859"
"724983920119406592","2594174580"
"724983920119406592","2590709535"
"724983920119406592","2583995088"
"724983920119406592","2580787003"
"724983920119406592","25731579"
"724983920119406592","2563818553"
"724983920119406592","2559103905"
"724983920119406592","2541606226"
"724983920119406592","2521577414"
"724983920119406592","2512636854"
"724983920119406592","2485359211"
"724983920119406592","2482185637"
"724983920119406592","2464135300"
"724983920119406592","2462035774"
"724983920119406592","2460929274"
"724983920119406592","2460865265"
"724983920119406592","2445737412"
"724983920119406592","2443718293"
"724983920119406592","2433615942"
"724983920119406592","2417126766"
"724983920119406592","2416749818"
"724983920119406592","239337314"
"724983920119406592","238255951"
"724983920119406592","2375637564"
"724983920119406592","2369457491"
"724983920119406592","2362436154"
"724983920119406592","2347360369"
"724983920119406592","2343713371"
"724983920119406592","2342598302"
"724983920119406592","2336273937"
"724983920119406592","2332410176"
"724983920119406592","2329034473"
"724983920119406592","2322783221"
"724983920119406592","2320657891"
"724983920119406592","2301712341"
"724983920119406592","229825086"
"724983920119406592","2289306552"
"724983920119406592","2262959654"
"724983920119406592","2254905257"
"724983920119406592","2240917320"
"724983920119406592","2240514260"
"724983920119406592","2239468784"
"724983920119406592","2233497227"
"724983920119406592","2232117081"
"724983920119406592","2218269876"
"724983920119406592","2213148787"
"724983920119406592","2210132309"
"724983920119406592","2209101834"
"724983920119406592","2198386768"
"724983920119406592","2188304664"
"724983920119406592","2184002018"
"724983920119406592","217749896"
"724983920119406592","2175883022"
"724983920119406592","21694393"
"724983920119406592","2169045670"
"724983920119406592","216118168"
"724983920119406592","2159334205"
"724983920119406592","2157021654"
"724983920119406592","2151598624"
"724983920119406592","2151480642"
"724983920119406592","2149530453"
"724983920119406592","2148731538"
"724983920119406592","199264080"
"724983920119406592","198177442"
"724983920119406592","1976143068"
"724983920119406592","1975434650"
"724983920119406592","1959029881"
"724983920119406592","1956470191"
"724983920119406592","1951252106"
"724983920119406592","1949069192"
"724983920119406592","1944338258"
"724983920119406592","194173066"
"724983920119406592","192130715"
"724983920119406592","1917715891"
"724983920119406592","191040913"
"724983920119406592","1904960142"
"724983920119406592","1904495767"
"724983920119406592","189815209"
"724983920119406592","1896310374"
"724983920119406592","18721640"
"724983920119406592","1868993652"
"724983920119406592","18627400"
"724983920119406592","18426970"
"724983920119406592","17679623"
"724983920119406592","175786259"
"724983920119406592","1731257143"
"724983920119406592","1712079870"
"724983920119406592","1684301462"
"724983920119406592","168181236"
"724983920119406592","167680190"
"724983920119406592","1638946448"
"724983920119406592","1633740872"
"724983920119406592","16222469"
"724983920119406592","1578210666"
"724983920119406592","1577995796"
"724983920119406592","15772453"
"724983920119406592","1566519332"
"724983920119406592","1556105180"
"724983920119406592","1543813320"
"724983920119406592","1533342582"
"724983920119406592","1528212901"
"724983920119406592","1520333173"
"724983920119406592","1484936132"
"724983920119406592","146375344"
"724983920119406592","1451836957"
"724983920119406592","144648381"
"724983920119406592","1443215473"
"724983920119406592","1439649558"
"724983920119406592","1435970071"
"724983920119406592","1435857691"
"724983920119406592","1428663786"
"724983920119406592","1427397686"
"724983920119406592","1391102611"
"724983920119406592","1362806635"
"724983920119406592","1352061990"
"724983920119406592","1349648845"
"724983920119406592","1341279649"
"724983920119406592","1322393514"
"724983920119406592","1318611924"
"724983920119406592","1303164847"
"724983920119406592","129948456"
"724983920119406592","1291945022"
"724983920119406592","1283588581"
"724983920119406592","1273213393"
"724983920119406592","1272431598"
"724983920119406592","1271751889"
"724983920119406592","1260141745"
"724983920119406592","1248145309"
"724983920119406592","1243213843"
"724983920119406592","1229912670"
"724983920119406592","1229312923"
"724983920119406592","122253091"
"724983920119406592","1217710249"
"724983920119406592","120739766"
"724983920119406592","1206268087"
"724983920119406592","120084333"
"724983920119406592","119848243"
"724983920119406592","1189513452"
"724983920119406592","117528048"
"724983920119406592","117188930"
"724983920119406592","1164159601"
"724983920119406592","1164044676"
"724983920119406592","1159754604"
"724983920119406592","113747024"
"724983920119406592","1136263395332767746"
"724983920119406592","1134050466780852224"
"724983920119406592","1132342340"
"724983920119406592","1130079183277907968"
"724983920119406592","112499000"
"724983920119406592","1119975620639973377"
"724983920119406592","1117892279442845698"
"724983920119406592","1117128874389835776"
"724983920119406592","1116318851581599746"
"724983920119406592","1114955359"
"724983920119406592","110954131"
"724983920119406592","1100406353036603392"
"724983920119406592","1099011049"
"724983920119406592","1096688407395348480"
"724983920119406592","1096387942925418496"
"724983920119406592","1095246776192430080"
"724983920119406592","1094692052162498560"
"724983920119406592","1092550244699701248"
"724983920119406592","1090626411038154752"
"724983920119406592","1089182295578296320"
"724983920119406592","1087657802494038017"
"724983920119406592","1084968978982883329"
"724983920119406592","1084610635982356481"
"724983920119406592","1084447838011043840"
"724983920119406592","1084136405889150976"
"724983920119406592","1083629070"
"724983920119406592","1083388021347676161"
"724983920119406592","1082396185460117505"
"724983920119406592","1081422868544667648"
"724983920119406592","1081174315"
"724983920119406592","1079697599916138496"
"724983920119406592","1078230310020702209"
"724983920119406592","1078002027777662978"
"724983920119406592","1077715582471102464"
"724983920119406592","1074711473534963713"
"724983920119406592","1073933209208012800"
"724983920119406592","1073549260036165633"
"724983920119406592","1071805600995131392"
"724983920119406592","1071436971191492609"
"724983920119406592","1071102711104450560"
"724983920119406592","107058785"
"724983920119406592","1068122124"
"724983920119406592","1068083356796108800"
"724983920119406592","1068022944"
"724983920119406592","1067870170725654528"
"724983920119406592","1067795896597917696"
"724983920119406592","1067293921452179456"
"724983920119406592","1066759357688356864"
"724983920119406592","1066354302497800192"
"724983920119406592","1065565241558339584"
"724983920119406592","1065396180509736960"
"724983920119406592","1064904466229547008"
"724983920119406592","1064804128285708288"
"724983920119406592","1063543255621689348"
"724983920119406592","1063535801949192193"
"724983920119406592","1063496010"
"724983920119406592","1063163886"
"724983920119406592","1063090599564316673"
"724983920119406592","1062330064799440897"
"724983920119406592","1058041665393434625"
"724983920119406592","1055458437692317697"
"724983920119406592","1054700698623979523"
"724983920119406592","1053748168414900229"
"724983920119406592","1053265543128641536"
"724983920119406592","105165371"
"724983920119406592","1051170824319852544"
"724983920119406592","1049972533095743489"
"724983920119406592","1045047389692801024"
"724983920119406592","1044928850"
"724983920119406592","1043410125774626816"
"724983920119406592","1042326068412211200"
"724983920119406592","1042270058"
"724983920119406592","1040208611723673600"
"724983920119406592","1039720440"
"724983920119406592","1039597925184282625"
"724983920119406592","1037957808577277952"
"724983920119406592","1037383255354421248"
"724983920119406592","1036222141212123136"
"724983920119406592","1035217458263666690"
"724983920119406592","1035180674129510400"
"724983920119406592","1034865678065565696"
"724983920119406592","1034819388283777024"
"724983920119406592","1033860967837429761"
"724983920119406592","1033018664591740928"
"724983920119406592","1032985448711421952"
"724983920119406592","1032750523391373312"
"724983920119406592","1032707884017242113"
"724983920119406592","1032638914543202304"
"724983920119406592","1032227255588724736"
"724983920119406592","1030903334817939457"
"724983920119406592","1030811500141838336"
"724983920119406592","1028730499164975105"
"724983920119406592","1027334096995930112"
"724983920119406592","1025808823"
"724983920119406592","1024263088407830528"
"724983920119406592","1024233623413829632"
"724983920119406592","1022888939223478272"
"724983920119406592","1022185086354182144"
"724983920119406592","1022113296776880128"
"724983920119406592","1021707366"
"724983920119406592","1019867000"
"724983920119406592","1019559283774644224"
"724983920119406592","1018553464975175680"
"724983920119406592","1018445868901568513"
"724983920119406592","1017796246591954944"
"724983920119406592","1017674291205287941"
"724983920119406592","1017120953363566595"
"724983920119406592","1016686811425501194"
"724983920119406592","1014802056069222400"
"724983920119406592","1011356591692697605"
"724983920119406592","1010910090650640384"
"724983920119406592","1010068749477728257"
"724983920119406592","1009928134525792256"
"724983920119406592","1009548183058501633"
"724983920119406592","1006865079470579713"
"724983920119406592","1006645254425063425"
"724983920119406592","1006161024"
"724983920119406592","1005964106"

